<?xml version="1.0" encoding="UTF-8"?>
<metadata xml:lang="en"><Esri><CreaDate>20241111</CreaDate><CreaTime>18214600</CreaTime><ArcGISFormat>1.0</ArcGISFormat><SyncOnce>TRUE</SyncOnce><DataProperties><itemProps><itemLocation><linkage Sync="TRUE">file://\\BILLY\G$\My Drive\Permintaan Data\DPMPTSP_Data SIG untuk penyusunan peluang investasi\Shp Batas Administrasi Tabalong\BATAS_KECAMATAN_KAB_TABALONG</linkage><protocol Sync="TRUE">Local Area Network</protocol></itemLocation></itemProps><copyHistory><copy source="G:\My Drive\RTRW No 03 TABALONG Tahun 2023-2042\0. BERKAS LENGKAP\08 Album Peta\Final\03 SHP PENDUKUNG LAYOUT\BATAS_KECAMATAN_KAB_TABALONG" dest="\\BILLY\G$\My Drive\Permintaan Data\DPMPTSP_Data SIG untuk penyusunan peluang investasi\Shp Batas Administrasi Tabalong\BATAS_KECAMATAN_KAB_TABALONG" date="20241111" time="18214600"></copy></copyHistory><lineage><Process ToolSource="c:\users\user\appdata\local\programs\arcgis\pro\Resources\ArcToolbox\Toolboxes\Data Management Tools.tbx\CopyMultiple" Date="20241111" Time="182146">CopyMultiple "'G:\My Drive\RTRW No 03 TABALONG Tahun 2023-2042\0. BERKAS LENGKAP\08 Album Peta\Final\03 SHP PENDUKUNG LAYOUT\BATAS_ADM.shp' shapefile_polygon;'G:\My Drive\RTRW No 03 TABALONG Tahun 2023-2042\0. BERKAS LENGKAP\08 Album Peta\Final\03 SHP PENDUKUNG LAYOUT\BATAS_KECAMATAN_KAB_TABALONG.shp' shapefile_polygon;'G:\My Drive\RTRW No 03 TABALONG Tahun 2023-2042\0. BERKAS LENGKAP\08 Album Peta\Final\03 SHP PENDUKUNG LAYOUT\BATAS_PROVINSI.shp' shapefile_polygon" "G:\My Drive\Permintaan Data\DPMPTSP_Data SIG untuk penyusunan peluang investasi\Shp Batas Administrasi Tabalong" BATAS_ADM;BATAS_KECAMATAN_KAB_TABALONG;BATAS_PROVINSI "BATAS_ADM FeatureClass BATAS_ADM.shp #;BATAS_KECAMATAN_KAB_TABALONG FeatureClass BATAS_KECAMATAN_KAB_TABALONG.shp #;BATAS_PROVINSI FeatureClass BATAS_PROVINSI.shp #"</Process></lineage></DataProperties></Esri></metadata>
